1,woman
2,after
3,caps
4,sprinklers
5,foreground
6,skiing
7,tongue
8,picnic
9,smaller
10,cats
11,body
12,this
13,play
14,sooners
15,block
16,shepherd
17,man
18,tug
19,diving
20,hoodie
21,near
22,lawn
23,reaches
24,at
25,float
26,cold
27,splash
28,merrygoround
29,reads
30,bleachers
31,sun
32,scales
33,bear
34,pulling
35,deer
36,kisses
37,suits
38,petting
39,fun
40,of
41,soda
42,store
43,rough
44,friend
45,narrow
46,tulips
47,tennis
48,game
49,furry
50,young
51,gentleman
52,crying
53,dead
54,jean
55,ice
56,upsidedown
57,frame
58,fast
59,stream
60,scarves
61,raising
62,old
63,fruit
64,other
65,endseq
66,intersection
67,professional
68,balloons
69,men
70,lap
71,climber
72,funny
73,before
74,puck
75,boogie
76,person
77,beads
78,gold
79,some
80,ramp
81,greyhound
82,station
83,boats
84,arts
85,track
86,boarding
87,talk
88,away
89,athletic
90,perform
91,chases
92,be
93,without
94,another
95,view
96,river
97,hats
98,brush
99,bandanna
100,hard
101,stretches
102,smile
103,khaki
104,style
105,airplane
106,appear
107,wagon
108,guys
109,drive
110,strange
111,ribbons
112,driving
113,officer
114,rollerblading
115,watch
116,grab
117,animals
118,path
119,seated
120,natural
121,bearded
122,railings
123,tie
124,cast
125,wheelchair
126,fans
127,ladies
128,mountains
129,walks
130,infant
131,football
132,gets
133,jumps
134,vehicle
135,rests
136,barrier
137,tents
138,work
139,courtyard
140,bars
141,skater
142,friends
143,laughs
144,enclosed
145,gather
146,canoe
147,tossing
148,sideways
149,snowcapped
150,colored
151,blowing
152,flying
153,getting
154,swimsuit
155,making
156,karate
157,vendor
158,position
159,carriage
160,rural
161,comes
162,arms
163,tracks
164,she
165,stroller
166,dock
167,show
168,window
169,pack
170,metal
171,pirate
172,backpacks
173,string
174,its
175,beam
176,rock
177,home
178,races
179,biking
180,blanket
181,low
182,stair
183,helping
184,does
185,curve
186,tripod
187,talking
188,woods
189,skate
190,wind
191,stove
192,motorcyclist
193,holds
194,hiking
195,camel
196,take
197,paddling
198,toilet
199,kicking
200,dreadlocks
201,horseback
202,starting
203,jack
204,writing
205,waterfall
206,brightly
207,along
208,digging
209,snowmobile
210,teeth
211,shaped
212,hockey
213,bottles
214,day
215,himself
216,plaza
217,outside
218,sunset
219,cowboy
220,innertube
221,time
222,waters
223,digs
224,shop
225,hugs
226,shot
227,looking
228,catches
229,deep
230,nearby
231,chocolate
232,collars
233,runs
234,disc
235,walkway
236,shooting
237,pulled
238,eating
239,shoreline
240,onlookers
241,tries
242,something
243,point
244,on
245,surfs
246,porch
247,wooden
248,wet
249,asian
250,alley
251,for
252,pointing
253,lined
254,cheerleader
255,glove
256,box
257,fishing
258,lab
259,sculpture
260,speeds
261,crouching
262,about
263,part
264,item
265,fallen
266,scuba
267,skier
268,trick
269,step
270,aqua
271,bus
272,sharp
273,side
274,cut
275,uphill
276,plants
277,statue
278,officers
279,takes
280,hallway
281,bush
282,leather
283,wooded
284,colorful
285,church
286,match
287,identical
288,five
289,eyes
290,knees
291,them
292,kayak
293,neck
294,out
295,bottom
296,winter
297,first
298,redheaded
299,traveling
300,blows
301,mother
302,filled
303,swimmers
304,shoe
305,kid
306,counter
307,tshirt
308,farm
309,whilst
310,town
311,lounge
312,hiker
313,larger
314,denim
315,people
316,wrestler
317,mouths
318,teammate
319,sings
320,ducks
321,way
322,laugh
323,clothes
324,big
325,do
326,background
327,shoulders
328,climbing
329,runner
330,public
331,circle
332,reflection
333,hikes
334,among
335,wears
336,jockey
337,wine
338,basketball
339,someone
340,mostly
341,gear
342,either
343,policeman
344,kneeling
345,stunt
346,wall
347,hits
348,the
349,tables
350,made
351,collie
352,his
353,pass
354,vest
355,bicyclists
356,puts
357,finger
358,dark
359,towel
360,cone
361,african
362,skirt
363,performs
364,worker
365,skyline
366,enjoying
367,motorcycle
368,picking
369,has
370,skateboarder
371,doorway
372,stick
373,kneels
374,school
375,lady
376,graffiti
377,bikers
378,pipe
379,from
380,country
381,players
382,smiles
383,surfboard
384,camouflage
385,bunny
386,hillside
387,weather
388,grinds
389,see
390,rollerskating
391,softball
392,bowl
393,mountain
394,atv
395,park
396,car
397,snowcovered
398,skateboarding
399,stool
400,downhill
401,falls
402,biting
403,backyard
404,bow
405,masks
406,right
407,put
408,blue
409,lift
410,teams
411,sprinkler
412,shirts
413,pose
414,single
415,he
416,protest
417,eight
418,cellphone
419,go
420,moves
421,just
422,sledding
423,brown
424,slope
425,outdoor
426,beside
427,pitch
428,no
429,bubbles
430,gravel
431,music
432,pacifier
433,playfully
434,sign
435,flight
436,golden
437,rocks
438,poodles
439,microphone
440,dance
441,carry
442,smoke
443,jumper
444,shoulder
445,skimpy
446,foam
447,bikini
448,attached
449,thin
450,outfits
451,trying
452,females
453,tied
454,stares
455,agility
456,bounce
457,drinks
458,taking
459,runners
460,ladder
461,reaching
462,family
463,laptop
464,pen
465,blonde
466,fight
467,hugging
468,range
469,swimmer
470,sunlight
471,cloud
472,shoot
473,there
474,roof
475,during
476,curly
477,preparing
478,ring
479,rides
480,jungle
481,advertisement
482,across
483,ridge
484,jeep
485,swings
486,kick
487,front
488,matching
489,fabric
490,army
491,racquet
492,strip
493,foliage
494,bounds
495,device
496,lit
497,coat
498,polka
499,crashing
500,pink
501,opposite
502,shirtless
503,collar
504,fur
505,an
506,suspended
507,surf
508,wood
509,cat
510,bone
511,carnival
512,spinning
513,cheerleaders
514,ski
515,action
516,mask
517,sandals
518,bags
519,skis
520,indoors
521,guy
522,business
523,fire
524,cigarette
525,benches
526,kayaking
527,leading
528,stuffed
529,facing
530,long
531,flags
532,surface
533,almost
534,shoes
535,against
536,safety
537,tricolored
538,painting
539,chews
540,cake
541,straw
542,chasing
543,print
544,jeans
545,in
546,wheel
547,target
548,wire
549,sitting
550,staircase
551,chair
552,jockeys
553,have
554,wedding
555,enjoys
556,foot
557,still
558,sweater
559,ears
560,coming
561,goes
562,plays
563,fence
564,licking
565,into
566,motorbike
567,climb
568,carpet
569,by
570,sleeping
571,spiderman
572,paper
573,help
574,doberman
575,horses
576,branches
577,icy
578,stone
579,hair
580,trees
581,fingers
582,restaurant
583,lake
584,toddler
585,dot
586,crosses
587,thrown
588,floaties
589,flat
590,oklahoma
591,slightly
592,trotting
593,uniformed
594,snowsuit
595,rink
596,hug
597,leads
598,few
599,tank
600,singing
601,horizon
602,motocross
603,full
604,black
605,begins
606,beach
607,ropes
608,holding
609,outstretched
610,lips
611,behind
612,flip
613,equipment
614,sheep
615,passes
616,trampoline
617,having
618,bikes
619,mohawk
620,hangs
621,lying
622,lights
623,robe
624,paddles
625,tricycle
626,pit
627,dogs
628,cars
629,riders
630,jogs
631,smiling
632,indian
633,boardwalk
634,table
635,that
636,stare
637,mug
638,third
639,bull
640,cliff
641,pigeons
642,medium
643,arm
644,instrument
645,surrounded
646,make
647,sofa
648,competing
649,court
650,cream
651,casting
652,flute
653,helmet
654,crouched
655,giant
656,floating
657,waits
658,feather
659,square
660,can
661,little
662,photograph
663,speaks
664,handles
665,descending
666,cyclists
667,german
668,eye
669,girls
670,wrestle
671,group
672,parachute
673,performing
674,construction
675,plate
676,male
677,attire
678,neighborhood
679,appears
680,pouring
681,sized
682,hoops
683,floats
684,summer
685,chain
686,rear
687,breaking
688,flower
689,concrete
690,mouth
691,legs
692,surfing
693,chased
694,bottle
695,next
696,line
697,gliding
698,rocky
699,suit
700,turns
701,shakes
702,tire
703,relaxes
704,topless
705,only
706,autumn
707,two
708,taken
709,rider
710,turned
711,doing
712,light
713,scooter
714,get
715,barren
716,cow
717,rollerblades
718,father
719,jerseys
720,ride
721,landscape
722,which
723,toy
724,beer
725,tattoos
726,atop
727,camels
728,referee
729,waterskiing
730,board
731,racing
732,spots
733,quickly
734,drink
735,between
736,midair
737,cup
738,knit
739,tricks
740,skates
741,tail
742,it
743,jump
744,plain
745,truck
746,blond
747,banner
748,room
749,crosswalk
750,band
751,upside
752,passing
753,deck
754,harness
755,dog
756,party
757,murky
758,buildings
759,photo
760,various
761,headscarf
762,book
763,luggage
764,child
765,number
766,haired
767,shallow
768,large
769,snow
770,umbrellas
771,tan
772,net
773,rubber
774,scaling
775,dirty
776,chewing
777,marching
778,fireplace
779,shorts
780,barrel
781,women
782,swimsuits
783,broken
784,hurdle
785,push
786,jet
787,short
788,skateboarders
789,skating
790,crossed
791,heavy
792,waterskier
793,ribbon
794,teenage
795,makeup
796,face
797,headphones
798,huddle
799,underneath
800,jacket
801,gathered
802,life
803,all
804,chase
805,countryside
806,held
807,sleeps
808,protective
809,clouds
810,cart
811,dry
812,cafe
813,opposing
814,puppies
815,elephant
816,bmx
817,wrestlers
818,guitar
819,birds
820,numbered
821,boys
822,adult
823,racers
824,soccer
825,bikinis
826,gloves
827,eats
828,hat
829,phone
830,falling
831,leaps
832,talks
833,high
834,bouncing
835,poles
836,fisherman
837,hood
838,goalie
839,hikers
840,snowball
841,plant
842,raises
843,flops
844,looks
845,brunette
846,leafy
847,under
848,shaved
849,practicing
850,trail
851,marked
852,flowers
853,bank
854,traffic
855,seven
856,video
857,headfirst
858,paint
859,paddle
860,skateboards
861,snowboard
862,others
863,stomach
864,bare
865,mural
866,ponytail
867,forest
868,meadow
869,purse
870,christmas
871,log
872,art
873,touches
874,road
875,chest
876,wakeboarding
877,bridge
878,shirt
879,compete
880,shopping
881,ball
882,hand
883,reach
884,tutu
885,partially
886,pillow
887,licks
888,beige
889,splashes
890,sing
891,accordion
892,gym
893,formation
894,subway
895,paws
896,floor
897,wheels
898,patio
899,fluffy
900,cards
901,muzzle
902,sunglasses
903,office
904,laying
905,feeding
906,bench
907,garden
908,greyhounds
909,land
910,golf
911,shore
912,animal
913,sticking
914,spins
915,costumes
916,scene
917,using
918,well
919,slide
920,terrier
921,sled
922,tackled
923,dress
924,glass
925,emerges
926,prepares
927,rodeo
928,swims
929,lot
930,mat
931,muddy
932,going
933,curb
934,purple
935,hoop
936,what
937,rapids
938,these
939,costume
940,heavily
941,crawls
942,feet
943,balcony
944,painted
945,playing
946,groom
947,splashing
948,stairs
949,railing
950,bicycle
951,empty
952,teenager
953,underwear
954,jackets
955,sides
956,skateboard
957,base
958,watches
959,hay
960,stump
961,hind
962,skirts
963,second
964,they
965,stops
966,biker
967,pull
968,coats
969,hole
970,throwing
971,workers
972,branch
973,leg
974,is
975,control
976,sail
977,him
978,bed
979,plane
980,thumbs
981,lots
982,kitchen
983,colors
984,open
985,slip
986,area
987,necklace
988,hitting
989,ship
990,orange
991,faces
992,driver
993,spray
994,hill
995,sniffs
996,swim
997,inline
998,brick
999,bicycles
1000,sneakers
1001,gun
1002,leaping
1003,war
1004,bathing
1005,catch
1006,cover
1007,white
1008,race
1009,dancing
1010,surfer
1011,event
1012,poses
1013,embrace
1014,horse
1015,poodle
1016,grocery
1017,sets
1018,adults
1019,hands
1020,surfers
1021,steep
1022,teen
1023,object
1024,muzzles
1025,running
1026,pile
1027,hike
1028,pole
1029,diver
1030,standing
1031,buckets
1032,four
1033,reflective
1034,sky
1035,played
1036,newspaper
1037,tall
1038,stripes
1039,are
1040,hold
1041,apple
1042,toward
1043,speaking
1044,indoor
1045,railroad
1046,bucket
1047,speed
1048,longhaired
1049,mirror
1050,wheelie
1051,puppy
1052,silver
1053,camera
1054,small
1055,grassy
1056,santa
1057,batman
1058,violin
1059,machine
1060,setting
1061,ready
1062,wrestling
1063,picture
1064,walking
1065,backpack
1066,so
1067,boulder
1068,backs
1069,umbrella
1070,alongside
1071,fetch
1072,skull
1073,center
1074,leash
1075,uniforms
1076,obama
1077,both
1078,shown
1079,snowboarder
1080,cap
1081,flowered
1082,sidewalk
1083,fly
1084,straight
1085,middle
1086,rain
1087,frisbee
1088,posing
1089,touch
1090,edge
1091,attempts
1092,wading
1093,carries
1094,wetsuit
1095,cardboard
1096,hanging
1097,elderly
1098,tires
1099,grabbing
1100,tackle
1101,leaving
1102,balances
1103,train
1104,monument
1105,amidst
1106,beautiful
1107,native
1108,volleyball
1109,pants
1110,wait
1111,ledge
1112,move
1113,pier
1114,goal
1115,pushes
1116,silhouette
1117,fountains
1118,brother
1119,hang
1120,bathroom
1121,sprayed
1122,flipping
1123,pool
1124,climbs
1125,stadium
1126,class
1127,half
1128,pushing
1129,happily
1130,dust
1131,swinging
1132,valley
1133,approaching
1134,plaid
1135,gestures
1136,lay
1137,amusement
1138,motion
1139,helmets
1140,waving
1141,cement
1142,inflatable
1143,wave
1144,tuxedos
1145,very
1146,students
1147,knee
1148,formal
1149,grey
1150,three
1151,swords
1152,decorated
1153,pitbull
1154,geese
1155,putting
1156,cloth
1157,hurdles
1158,different
1159,sniffing
1160,around
1161,competition
1162,field
1163,head
1164,drum
1165,jumped
1166,tunnel
1167,candles
1168,yard
1169,over
1170,snowboarding
1171,fighting
1172,sport
1173,mud
1174,peace
1175,direction
1176,left
1177,boots
1178,kicks
1179,shadow
1180,same
1181,backwards
1182,reading
1183,hot
1184,sticks
1185,airborne
1186,rope
1187,sits
1188,aged
1189,up
1190,sports
1191,daughter
1192,not
1193,drives
1194,herself
1195,beneath
1196,you
1197,stands
1198,flag
1199,turning
1200,laughing
1201,try
1202,gate
1203,naked
1204,but
1205,forward
1206,caught
1207,enjoy
1208,cows
1209,row
1210,house
1211,snowy
1212,miami
1213,trunk
1214,place
1215,coffee
1216,throws
1217,corner
1218,motorcycles
1219,swing
1220,pajamas
1221,chairs
1222,fenced
1223,cones
1224,female
1225,bathtub
1226,drawing
1227,retrieves
1228,heels
1229,monkey
1230,bat
1231,though
1232,rug
1233,screen
1234,balloon
1235,racer
1236,wide
1237,together
1238,blocks
1239,towards
1240,huge
1241,desk
1242,fall
1243,stop
1244,fake
1245,down
1246,balls
1247,shower
1248,musicians
1249,overlooking
1250,seen
1251,itself
1252,lean
1253,coaster
1254,apron
1255,driveway
1256,tag
1257,market
1258,patch
1259,several
1260,parking
1261,crouches
1262,run
1263,pitcher
1264,candy
1265,overalls
1266,baby
1267,hardhat
1268,shaggy
1269,dirt
1270,riding
1271,leashes
1272,kids
1273,door
1274,mountainside
1275,structure
1276,museum
1277,parka
1278,air
1279,bubble
1280,marker
1281,vehicles
1282,landing
1283,owner
1284,look
1285,how
1286,gallery
1287,cheek
1288,markings
1289,ocean
1290,booth
1291,trunks
1292,relaxing
1293,cape
1294,listening
1295,birthday
1296,image
1297,rainbow
1298,blurred
1299,racket
1300,happy
1301,plastic
1302,one
1303,fair
1304,leaves
1305,skiers
1306,or
1307,bike
1308,like
1309,members
1310,where
1311,spotted
1312,training
1313,dresses
1314,drinking
1315,toys
1316,coach
1317,break
1318,van
1319,been
1320,couch
1321,frozen
1322,photographer
1323,hula
1324,bushes
1325,also
1326,jumping
1327,spread
1328,swimming
1329,covering
1330,beard
1331,underwater
1332,top
1333,followed
1334,mountaintop
1335,wear
1336,spraying
1337,parked
1338,paved
1339,working
1340,dribbles
1341,shoveling
1342,blow
1343,onstage
1344,eastern
1345,bunch
1346,raised
1347,soaked
1348,rail
1349,piece
1350,helps
1351,building
1352,while
1353,fountain
1354,balancing
1355,balance
1356,inside
1357,street
1358,spectators
1359,japanese
1360,follows
1361,unicycle
1362,shaking
1363,tube
1364,bar
1365,rafting
1366,rows
1367,dressed
1368,advertising
1369,jogging
1370,military
1371,throw
1372,end
1373,past
1374,gathering
1375,photographs
1376,ridden
1377,waist
1378,sit
1379,pale
1380,cyclist
1381,steps
1382,waiting
1383,duck
1384,lead
1385,showing
1386,bath
1387,many
1388,food
1389,younger
1390,climbers
1391,cricket
1392,grinding
1393,grass
1394,onto
1395,neon
1396,lays
1397,above
1398,waves
1399,pine
1400,pigtails
1401,city
1402,clear
1403,uses
1404,bites
1405,bend
1406,blurry
1407,asleep
1408,fishes
1409,baseball
1410,with
1411,striped
1412,living
1413,skinned
1414,night
1415,dusk
1416,crossing
1417,couple
1418,glasses
1419,creek
1420,meal
1421,athlete
1422,beagle
1423,type
1424,lone
1425,houses
1426,barks
1427,sheer
1428,rugby
1429,retrieving
1430,hooded
1431,heads
1432,artist
1433,roller
1434,hospital
1435,audience
1436,goat
1437,teenagers
1438,foggy
1439,rest
1440,visible
1441,boy
1442,retriever
1443,hills
1444,sunny
1445,walk
1446,pair
1447,outdoors
1448,mound
1449,round
1450,hose
1451,attempt
1452,trashcan
1453,floral
1454,raft
1455,makes
1456,chalk
1457,older
1458,silly
1459,cave
1460,cross
1461,wearing
1462,pavement
1463,attempting
1464,sliding
1465,player
1466,smoking
1467,homeless
1468,boat
1469,colourful
1470,close
1471,her
1472,stand
1473,startseq
1474,bite
1475,clown
1476,goggles
1477,instruments
1478,who
1479,puddle
1480,barking
1481,police
1482,parade
1483,hit
1484,bag
1485,rollerblader
1486,back
1487,fancy
1488,crowded
1489,and
1490,off
1491,barn
1492,computer
1493,bicyclist
1494,dances
1495,basket
1496,sandy
1497,their
1498,guard
1499,children
1500,sheet
1501,handstand
1502,ahead
1503,crane
1504,pet
1505,leans
1506,link
1507,tops
1508,martial
1509,checkered
1510,rolls
1511,kiss
1512,each
1513,carrying
1514,nose
1515,obstacle
1516,flies
1517,barefoot
1518,display
1519,terrain
1520,rowing
1521,through
1522,figure
1523,warm
1524,set
1525,closeup
1526,boxing
1527,peak
1528,yellow
1529,gives
1530,urban
1531,money
1532,tent
1533,leaning
1534,logs
1535,wings
1536,traditional
1537,splashed
1538,moving
1539,playground
1540,bending
1541,robes
1542,kayaker
1543,kissing
1544,pictures
1545,platform
1546,distant
1547,surrounding
1548,signs
1549,cage
1550,gray
1551,as
1552,desert
1553,eat
1554,busy
1555,sand
1556,racetrack
1557,touching
1558,uniform
1559,kiddie
1560,clothing
1561,stage
1562,tight
1563,catcher
1564,handrail
1565,bright
1566,giving
1567,leap
1568,multicolored
1569,girl
1570,being
1571,skinny
1572,staring
1573,pulls
1574,corn
1575,below
1576,tree
1577,muzzled
1578,streets
1579,scarf
1580,team
1581,playpen
1582,outfit
1583,closed
1584,crosscountry
1585,tiger
1586,sweatshirt
1587,bald
1588,dune
1589,watching
1590,tackling
1591,catching
1592,green
1593,red
1594,fish
1595,american
1596,ground
1597,bride
1598,jersey
1599,lies
1600,ear
1601,arcade
1602,flock
1603,rolling
1604,palm
1605,woodland
1606,alone
1607,fetching
1608,following
1609,photographed
1610,wades
1611,slides
1612,watched
1613,smokes
1614,turn
1615,seat
1616,stuck
1617,chew
1618,points
1619,tattoo
1620,rowboat
1621,sumo
1622,shovel
1623,crowd
1624,camping
1625,vests
1626,shows
1627,resting
1628,space
1629,bird
1630,distance
1631,case
1632,cloudy
1633,shade
1634,six
1635,drums
1636,dives
1637,themselves
1638,flames
1639,water
1640,says
1641,wrapped
1642,course
1643,flips
1644,kite
1645,to
1646,pond
1647,swan
1648,sea
1649,pathway
1650,headband
1651,covered
