woman,1
after,2
caps,3
sprinklers,4
foreground,5
skiing,6
tongue,7
picnic,8
smaller,9
cats,10
body,11
this,12
play,13
sooners,14
block,15
shepherd,16
man,17
tug,18
diving,19
hoodie,20
near,21
lawn,22
reaches,23
at,24
float,25
cold,26
splash,27
merrygoround,28
reads,29
bleachers,30
sun,31
scales,32
bear,33
pulling,34
deer,35
kisses,36
suits,37
petting,38
fun,39
of,40
soda,41
store,42
rough,43
friend,44
narrow,45
tulips,46
tennis,47
game,48
furry,49
young,50
gentleman,51
crying,52
dead,53
jean,54
ice,55
upsidedown,56
frame,57
fast,58
stream,59
scarves,60
raising,61
old,62
fruit,63
other,64
endseq,65
intersection,66
professional,67
balloons,68
men,69
lap,70
climber,71
funny,72
before,73
puck,74
boogie,75
person,76
beads,77
gold,78
some,79
ramp,80
greyhound,81
station,82
boats,83
arts,84
track,85
boarding,86
talk,87
away,88
athletic,89
perform,90
chases,91
be,92
without,93
another,94
view,95
river,96
hats,97
brush,98
bandanna,99
hard,100
stretches,101
smile,102
khaki,103
style,104
airplane,105
appear,106
wagon,107
guys,108
drive,109
strange,110
ribbons,111
driving,112
officer,113
rollerblading,114
watch,115
grab,116
animals,117
path,118
seated,119
natural,120
bearded,121
railings,122
tie,123
cast,124
wheelchair,125
fans,126
ladies,127
mountains,128
walks,129
infant,130
football,131
gets,132
jumps,133
vehicle,134
rests,135
barrier,136
tents,137
work,138
courtyard,139
bars,140
skater,141
friends,142
laughs,143
enclosed,144
gather,145
canoe,146
tossing,147
sideways,148
snowcapped,149
colored,150
blowing,151
flying,152
getting,153
swimsuit,154
making,155
karate,156
vendor,157
position,158
carriage,159
rural,160
comes,161
arms,162
tracks,163
she,164
stroller,165
dock,166
show,167
window,168
pack,169
metal,170
pirate,171
backpacks,172
string,173
its,174
beam,175
rock,176
home,177
races,178
biking,179
blanket,180
low,181
stair,182
helping,183
does,184
curve,185
tripod,186
talking,187
woods,188
skate,189
wind,190
stove,191
motorcyclist,192
holds,193
hiking,194
camel,195
take,196
paddling,197
toilet,198
kicking,199
dreadlocks,200
horseback,201
starting,202
jack,203
writing,204
waterfall,205
brightly,206
along,207
digging,208
snowmobile,209
teeth,210
shaped,211
hockey,212
bottles,213
day,214
himself,215
plaza,216
outside,217
sunset,218
cowboy,219
innertube,220
time,221
waters,222
digs,223
shop,224
hugs,225
shot,226
looking,227
catches,228
deep,229
nearby,230
chocolate,231
collars,232
runs,233
disc,234
walkway,235
shooting,236
pulled,237
eating,238
shoreline,239
onlookers,240
tries,241
something,242
point,243
on,244
surfs,245
porch,246
wooden,247
wet,248
asian,249
alley,250
for,251
pointing,252
lined,253
cheerleader,254
glove,255
box,256
fishing,257
lab,258
sculpture,259
speeds,260
crouching,261
about,262
part,263
item,264
fallen,265
scuba,266
skier,267
trick,268
step,269
aqua,270
bus,271
sharp,272
side,273
cut,274
uphill,275
plants,276
statue,277
officers,278
takes,279
hallway,280
bush,281
leather,282
wooded,283
colorful,284
church,285
match,286
identical,287
five,288
eyes,289
knees,290
them,291
kayak,292
neck,293
out,294
bottom,295
winter,296
first,297
redheaded,298
traveling,299
blows,300
mother,301
filled,302
swimmers,303
shoe,304
kid,305
counter,306
tshirt,307
farm,308
whilst,309
town,310
lounge,311
hiker,312
larger,313
denim,314
people,315
wrestler,316
mouths,317
teammate,318
sings,319
ducks,320
way,321
laugh,322
clothes,323
big,324
do,325
background,326
shoulders,327
climbing,328
runner,329
public,330
circle,331
reflection,332
hikes,333
among,334
wears,335
jockey,336
wine,337
basketball,338
someone,339
mostly,340
gear,341
either,342
policeman,343
kneeling,344
stunt,345
wall,346
hits,347
the,348
tables,349
made,350
collie,351
his,352
pass,353
vest,354
bicyclists,355
puts,356
finger,357
dark,358
towel,359
cone,360
african,361
skirt,362
performs,363
worker,364
skyline,365
enjoying,366
motorcycle,367
picking,368
has,369
skateboarder,370
doorway,371
stick,372
kneels,373
school,374
lady,375
graffiti,376
bikers,377
pipe,378
from,379
country,380
players,381
smiles,382
surfboard,383
camouflage,384
bunny,385
hillside,386
weather,387
grinds,388
see,389
rollerskating,390
softball,391
bowl,392
mountain,393
atv,394
park,395
car,396
snowcovered,397
skateboarding,398
stool,399
downhill,400
falls,401
biting,402
backyard,403
bow,404
masks,405
right,406
put,407
blue,408
lift,409
teams,410
sprinkler,411
shirts,412
pose,413
single,414
he,415
protest,416
eight,417
cellphone,418
go,419
moves,420
just,421
sledding,422
brown,423
slope,424
outdoor,425
beside,426
pitch,427
no,428
bubbles,429
gravel,430
music,431
pacifier,432
playfully,433
sign,434
flight,435
golden,436
rocks,437
poodles,438
microphone,439
dance,440
carry,441
smoke,442
jumper,443
shoulder,444
skimpy,445
foam,446
bikini,447
attached,448
thin,449
outfits,450
trying,451
females,452
tied,453
stares,454
agility,455
bounce,456
drinks,457
taking,458
runners,459
ladder,460
reaching,461
family,462
laptop,463
pen,464
blonde,465
fight,466
hugging,467
range,468
swimmer,469
sunlight,470
cloud,471
shoot,472
there,473
roof,474
during,475
curly,476
preparing,477
ring,478
rides,479
jungle,480
advertisement,481
across,482
ridge,483
jeep,484
swings,485
kick,486
front,487
matching,488
fabric,489
army,490
racquet,491
strip,492
foliage,493
bounds,494
device,495
lit,496
coat,497
polka,498
crashing,499
pink,500
opposite,501
shirtless,502
collar,503
fur,504
an,505
suspended,506
surf,507
wood,508
cat,509
bone,510
carnival,511
spinning,512
cheerleaders,513
ski,514
action,515
mask,516
sandals,517
bags,518
skis,519
indoors,520
guy,521
business,522
fire,523
cigarette,524
benches,525
kayaking,526
leading,527
stuffed,528
facing,529
long,530
flags,531
surface,532
almost,533
shoes,534
against,535
safety,536
tricolored,537
painting,538
chews,539
cake,540
straw,541
chasing,542
print,543
jeans,544
in,545
wheel,546
target,547
wire,548
sitting,549
staircase,550
chair,551
jockeys,552
have,553
wedding,554
enjoys,555
foot,556
still,557
sweater,558
ears,559
coming,560
goes,561
plays,562
fence,563
licking,564
into,565
motorbike,566
climb,567
carpet,568
by,569
sleeping,570
spiderman,571
paper,572
help,573
doberman,574
horses,575
branches,576
icy,577
stone,578
hair,579
trees,580
fingers,581
restaurant,582
lake,583
toddler,584
dot,585
crosses,586
thrown,587
floaties,588
flat,589
oklahoma,590
slightly,591
trotting,592
uniformed,593
snowsuit,594
rink,595
hug,596
leads,597
few,598
tank,599
singing,600
horizon,601
motocross,602
full,603
black,604
begins,605
beach,606
ropes,607
holding,608
outstretched,609
lips,610
behind,611
flip,612
equipment,613
sheep,614
passes,615
trampoline,616
having,617
bikes,618
mohawk,619
hangs,620
lying,621
lights,622
robe,623
paddles,624
tricycle,625
pit,626
dogs,627
cars,628
riders,629
jogs,630
smiling,631
indian,632
boardwalk,633
table,634
that,635
stare,636
mug,637
third,638
bull,639
cliff,640
pigeons,641
medium,642
arm,643
instrument,644
surrounded,645
make,646
sofa,647
competing,648
court,649
cream,650
casting,651
flute,652
helmet,653
crouched,654
giant,655
floating,656
waits,657
feather,658
square,659
can,660
little,661
photograph,662
speaks,663
handles,664
descending,665
cyclists,666
german,667
eye,668
girls,669
wrestle,670
group,671
parachute,672
performing,673
construction,674
plate,675
male,676
attire,677
neighborhood,678
appears,679
pouring,680
sized,681
hoops,682
floats,683
summer,684
chain,685
rear,686
breaking,687
flower,688
concrete,689
mouth,690
legs,691
surfing,692
chased,693
bottle,694
next,695
line,696
gliding,697
rocky,698
suit,699
turns,700
shakes,701
tire,702
relaxes,703
topless,704
only,705
autumn,706
two,707
taken,708
rider,709
turned,710
doing,711
light,712
scooter,713
get,714
barren,715
cow,716
rollerblades,717
father,718
jerseys,719
ride,720
landscape,721
which,722
toy,723
beer,724
tattoos,725
atop,726
camels,727
referee,728
waterskiing,729
board,730
racing,731
spots,732
quickly,733
drink,734
between,735
midair,736
cup,737
knit,738
tricks,739
skates,740
tail,741
it,742
jump,743
plain,744
truck,745
blond,746
banner,747
room,748
crosswalk,749
band,750
upside,751
passing,752
deck,753
harness,754
dog,755
party,756
murky,757
buildings,758
photo,759
various,760
headscarf,761
book,762
luggage,763
child,764
number,765
haired,766
shallow,767
large,768
snow,769
umbrellas,770
tan,771
net,772
rubber,773
scaling,774
dirty,775
chewing,776
marching,777
fireplace,778
shorts,779
barrel,780
women,781
swimsuits,782
broken,783
hurdle,784
push,785
jet,786
short,787
skateboarders,788
skating,789
crossed,790
heavy,791
waterskier,792
ribbon,793
teenage,794
makeup,795
face,796
headphones,797
huddle,798
underneath,799
jacket,800
gathered,801
life,802
all,803
chase,804
countryside,805
held,806
sleeps,807
protective,808
clouds,809
cart,810
dry,811
cafe,812
opposing,813
puppies,814
elephant,815
bmx,816
wrestlers,817
guitar,818
birds,819
numbered,820
boys,821
adult,822
racers,823
soccer,824
bikinis,825
gloves,826
eats,827
hat,828
phone,829
falling,830
leaps,831
talks,832
high,833
bouncing,834
poles,835
fisherman,836
hood,837
goalie,838
hikers,839
snowball,840
plant,841
raises,842
flops,843
looks,844
brunette,845
leafy,846
under,847
shaved,848
practicing,849
trail,850
marked,851
flowers,852
bank,853
traffic,854
seven,855
video,856
headfirst,857
paint,858
paddle,859
skateboards,860
snowboard,861
others,862
stomach,863
bare,864
mural,865
ponytail,866
forest,867
meadow,868
purse,869
christmas,870
log,871
art,872
touches,873
road,874
chest,875
wakeboarding,876
bridge,877
shirt,878
compete,879
shopping,880
ball,881
hand,882
reach,883
tutu,884
partially,885
pillow,886
licks,887
beige,888
splashes,889
sing,890
accordion,891
gym,892
formation,893
subway,894
paws,895
floor,896
wheels,897
patio,898
fluffy,899
cards,900
muzzle,901
sunglasses,902
office,903
laying,904
feeding,905
bench,906
garden,907
greyhounds,908
land,909
golf,910
shore,911
animal,912
sticking,913
spins,914
costumes,915
scene,916
using,917
well,918
slide,919
terrier,920
sled,921
tackled,922
dress,923
glass,924
emerges,925
prepares,926
rodeo,927
swims,928
lot,929
mat,930
muddy,931
going,932
curb,933
purple,934
hoop,935
what,936
rapids,937
these,938
costume,939
heavily,940
crawls,941
feet,942
balcony,943
painted,944
playing,945
groom,946
splashing,947
stairs,948
railing,949
bicycle,950
empty,951
teenager,952
underwear,953
jackets,954
sides,955
skateboard,956
base,957
watches,958
hay,959
stump,960
hind,961
skirts,962
second,963
they,964
stops,965
biker,966
pull,967
coats,968
hole,969
throwing,970
workers,971
branch,972
leg,973
is,974
control,975
sail,976
him,977
bed,978
plane,979
thumbs,980
lots,981
kitchen,982
colors,983
open,984
slip,985
area,986
necklace,987
hitting,988
ship,989
orange,990
faces,991
driver,992
spray,993
hill,994
sniffs,995
swim,996
inline,997
brick,998
bicycles,999
sneakers,1000
gun,1001
leaping,1002
war,1003
bathing,1004
catch,1005
cover,1006
white,1007
race,1008
dancing,1009
surfer,1010
event,1011
poses,1012
embrace,1013
horse,1014
poodle,1015
grocery,1016
sets,1017
adults,1018
hands,1019
surfers,1020
steep,1021
teen,1022
object,1023
muzzles,1024
running,1025
pile,1026
hike,1027
pole,1028
diver,1029
standing,1030
buckets,1031
four,1032
reflective,1033
sky,1034
played,1035
newspaper,1036
tall,1037
stripes,1038
are,1039
hold,1040
apple,1041
toward,1042
speaking,1043
indoor,1044
railroad,1045
bucket,1046
speed,1047
longhaired,1048
mirror,1049
wheelie,1050
puppy,1051
silver,1052
camera,1053
small,1054
grassy,1055
santa,1056
batman,1057
violin,1058
machine,1059
setting,1060
ready,1061
wrestling,1062
picture,1063
walking,1064
backpack,1065
so,1066
boulder,1067
backs,1068
umbrella,1069
alongside,1070
fetch,1071
skull,1072
center,1073
leash,1074
uniforms,1075
obama,1076
both,1077
shown,1078
snowboarder,1079
cap,1080
flowered,1081
sidewalk,1082
fly,1083
straight,1084
middle,1085
rain,1086
frisbee,1087
posing,1088
touch,1089
edge,1090
attempts,1091
wading,1092
carries,1093
wetsuit,1094
cardboard,1095
hanging,1096
elderly,1097
tires,1098
grabbing,1099
tackle,1100
leaving,1101
balances,1102
train,1103
monument,1104
amidst,1105
beautiful,1106
native,1107
volleyball,1108
pants,1109
wait,1110
ledge,1111
move,1112
pier,1113
goal,1114
pushes,1115
silhouette,1116
fountains,1117
brother,1118
hang,1119
bathroom,1120
sprayed,1121
flipping,1122
pool,1123
climbs,1124
stadium,1125
class,1126
half,1127
pushing,1128
happily,1129
dust,1130
swinging,1131
valley,1132
approaching,1133
plaid,1134
gestures,1135
lay,1136
amusement,1137
motion,1138
helmets,1139
waving,1140
cement,1141
inflatable,1142
wave,1143
tuxedos,1144
very,1145
students,1146
knee,1147
formal,1148
grey,1149
three,1150
swords,1151
decorated,1152
pitbull,1153
geese,1154
putting,1155
cloth,1156
hurdles,1157
different,1158
sniffing,1159
around,1160
competition,1161
field,1162
head,1163
drum,1164
jumped,1165
tunnel,1166
candles,1167
yard,1168
over,1169
snowboarding,1170
fighting,1171
sport,1172
mud,1173
peace,1174
direction,1175
left,1176
boots,1177
kicks,1178
shadow,1179
same,1180
backwards,1181
reading,1182
hot,1183
sticks,1184
airborne,1185
rope,1186
sits,1187
aged,1188
up,1189
sports,1190
daughter,1191
not,1192
drives,1193
herself,1194
beneath,1195
you,1196
stands,1197
flag,1198
turning,1199
laughing,1200
try,1201
gate,1202
naked,1203
but,1204
forward,1205
caught,1206
enjoy,1207
cows,1208
row,1209
house,1210
snowy,1211
miami,1212
trunk,1213
place,1214
coffee,1215
throws,1216
corner,1217
motorcycles,1218
swing,1219
pajamas,1220
chairs,1221
fenced,1222
cones,1223
female,1224
bathtub,1225
drawing,1226
retrieves,1227
heels,1228
monkey,1229
bat,1230
though,1231
rug,1232
screen,1233
balloon,1234
racer,1235
wide,1236
together,1237
blocks,1238
towards,1239
huge,1240
desk,1241
fall,1242
stop,1243
fake,1244
down,1245
balls,1246
shower,1247
musicians,1248
overlooking,1249
seen,1250
itself,1251
lean,1252
coaster,1253
apron,1254
driveway,1255
tag,1256
market,1257
patch,1258
several,1259
parking,1260
crouches,1261
run,1262
pitcher,1263
candy,1264
overalls,1265
baby,1266
hardhat,1267
shaggy,1268
dirt,1269
riding,1270
leashes,1271
kids,1272
door,1273
mountainside,1274
structure,1275
museum,1276
parka,1277
air,1278
bubble,1279
marker,1280
vehicles,1281
landing,1282
owner,1283
look,1284
how,1285
gallery,1286
cheek,1287
markings,1288
ocean,1289
booth,1290
trunks,1291
relaxing,1292
cape,1293
listening,1294
birthday,1295
image,1296
rainbow,1297
blurred,1298
racket,1299
happy,1300
plastic,1301
one,1302
fair,1303
leaves,1304
skiers,1305
or,1306
bike,1307
like,1308
members,1309
where,1310
spotted,1311
training,1312
dresses,1313
drinking,1314
toys,1315
coach,1316
break,1317
van,1318
been,1319
couch,1320
frozen,1321
photographer,1322
hula,1323
bushes,1324
also,1325
jumping,1326
spread,1327
swimming,1328
covering,1329
beard,1330
underwater,1331
top,1332
followed,1333
mountaintop,1334
wear,1335
spraying,1336
parked,1337
paved,1338
working,1339
dribbles,1340
shoveling,1341
blow,1342
onstage,1343
eastern,1344
bunch,1345
raised,1346
soaked,1347
rail,1348
piece,1349
helps,1350
building,1351
while,1352
fountain,1353
balancing,1354
balance,1355
inside,1356
street,1357
spectators,1358
japanese,1359
follows,1360
unicycle,1361
shaking,1362
tube,1363
bar,1364
rafting,1365
rows,1366
dressed,1367
advertising,1368
jogging,1369
military,1370
throw,1371
end,1372
past,1373
gathering,1374
photographs,1375
ridden,1376
waist,1377
sit,1378
pale,1379
cyclist,1380
steps,1381
waiting,1382
duck,1383
lead,1384
showing,1385
bath,1386
many,1387
food,1388
younger,1389
climbers,1390
cricket,1391
grinding,1392
grass,1393
onto,1394
neon,1395
lays,1396
above,1397
waves,1398
pine,1399
pigtails,1400
city,1401
clear,1402
uses,1403
bites,1404
bend,1405
blurry,1406
asleep,1407
fishes,1408
baseball,1409
with,1410
striped,1411
living,1412
skinned,1413
night,1414
dusk,1415
crossing,1416
couple,1417
glasses,1418
creek,1419
meal,1420
athlete,1421
beagle,1422
type,1423
lone,1424
houses,1425
barks,1426
sheer,1427
rugby,1428
retrieving,1429
hooded,1430
heads,1431
artist,1432
roller,1433
hospital,1434
audience,1435
goat,1436
teenagers,1437
foggy,1438
rest,1439
visible,1440
boy,1441
retriever,1442
hills,1443
sunny,1444
walk,1445
pair,1446
outdoors,1447
mound,1448
round,1449
hose,1450
attempt,1451
trashcan,1452
floral,1453
raft,1454
makes,1455
chalk,1456
older,1457
silly,1458
cave,1459
cross,1460
wearing,1461
pavement,1462
attempting,1463
sliding,1464
player,1465
smoking,1466
homeless,1467
boat,1468
colourful,1469
close,1470
her,1471
stand,1472
startseq,1473
bite,1474
clown,1475
goggles,1476
instruments,1477
who,1478
puddle,1479
barking,1480
police,1481
parade,1482
hit,1483
bag,1484
rollerblader,1485
back,1486
fancy,1487
crowded,1488
and,1489
off,1490
barn,1491
computer,1492
bicyclist,1493
dances,1494
basket,1495
sandy,1496
their,1497
guard,1498
children,1499
sheet,1500
handstand,1501
ahead,1502
crane,1503
pet,1504
leans,1505
link,1506
tops,1507
martial,1508
checkered,1509
rolls,1510
kiss,1511
each,1512
carrying,1513
nose,1514
obstacle,1515
flies,1516
barefoot,1517
display,1518
terrain,1519
rowing,1520
through,1521
figure,1522
warm,1523
set,1524
closeup,1525
boxing,1526
peak,1527
yellow,1528
gives,1529
urban,1530
money,1531
tent,1532
leaning,1533
logs,1534
wings,1535
traditional,1536
splashed,1537
moving,1538
playground,1539
bending,1540
robes,1541
kayaker,1542
kissing,1543
pictures,1544
platform,1545
distant,1546
surrounding,1547
signs,1548
cage,1549
gray,1550
as,1551
desert,1552
eat,1553
busy,1554
sand,1555
racetrack,1556
touching,1557
uniform,1558
kiddie,1559
clothing,1560
stage,1561
tight,1562
catcher,1563
handrail,1564
bright,1565
giving,1566
leap,1567
multicolored,1568
girl,1569
being,1570
skinny,1571
staring,1572
pulls,1573
corn,1574
below,1575
tree,1576
muzzled,1577
streets,1578
scarf,1579
team,1580
playpen,1581
outfit,1582
closed,1583
crosscountry,1584
tiger,1585
sweatshirt,1586
bald,1587
dune,1588
watching,1589
tackling,1590
catching,1591
green,1592
red,1593
fish,1594
american,1595
ground,1596
bride,1597
jersey,1598
lies,1599
ear,1600
arcade,1601
flock,1602
rolling,1603
palm,1604
woodland,1605
alone,1606
fetching,1607
following,1608
photographed,1609
wades,1610
slides,1611
watched,1612
smokes,1613
turn,1614
seat,1615
stuck,1616
chew,1617
points,1618
tattoo,1619
rowboat,1620
sumo,1621
shovel,1622
crowd,1623
camping,1624
vests,1625
shows,1626
resting,1627
space,1628
bird,1629
distance,1630
case,1631
cloudy,1632
shade,1633
six,1634
drums,1635
dives,1636
themselves,1637
flames,1638
water,1639
says,1640
wrapped,1641
course,1642
flips,1643
kite,1644
to,1645
pond,1646
swan,1647
sea,1648
pathway,1649
headband,1650
covered,1651
